City_ID,City,Lat,Lng,Max Temp,Humidity,Cloudiness,Wind Speed,Country,Current Description
0,Jibuti,11.5,42.5,67.42,56,5,6.62,DJ,clear sky
1,Iqaluit,63.7506,-68.5145,-16.87,52,75,4.61,CA,broken clouds
2,Cayenne,4.9333,-52.3333,79.09,88,0,1.99,GF,clear sky
3,Severo-Kurilsk,50.6789,156.125,29.75,92,100,6.64,RU,light snow
4,Uvarovka,55.5278,35.6061,14.63,98,100,1.25,RU,overcast clouds
5,Bluff,-46.6,168.3333,55.8,58,93,6.02,NZ,overcast clouds
6,Cape Town,-33.9258,18.4232,65.88,64,0,1.99,ZA,clear sky
7,Kumluca,36.3703,30.2869,45.68,50,63,8.21,TR,broken clouds
8,Mnogovershinnyy,53.9353,139.9242,-2.27,96,100,6.49,RU,overcast clouds
9,Butaritari,3.0707,172.7902,82.65,75,17,18.28,KI,few clouds
10,Qaanaaq,77.484,-69.3632,-0.72,69,100,7.67,GL,overcast clouds
11,Saint-Philippe,-21.3585,55.7679,80.15,87,100,25.03,RE,light rain
12,Punta Arenas,-53.15,-70.9167,57.22,62,0,8.05,CL,clear sky
13,Hermanus,-34.4187,19.2345,62.8,68,0,18.99,ZA,clear sky
14,Porto Novo,6.4965,2.6036,82.22,82,2,5.75,BJ,clear sky
15,Rikitea,-23.1203,-134.9692,78.55,71,10,7.87,PF,light rain
16,Hilo,19.7297,-155.09,80.62,76,100,5.75,US,overcast clouds
17,Paro,27.4305,89.4133,31.71,98,100,2.57,BT,light snow
18,Kahului,20.8947,-156.47,85.26,66,20,11.5,US,few clouds
19,Saint George,37.1041,-113.5841,51.94,23,0,1.01,US,clear sky
20,Bredasdorp,-34.5322,20.0403,65.52,63,27,10.36,ZA,scattered clouds
21,Norman Wells,65.282,-126.8329,-16.56,63,75,19.57,CA,broken clouds
22,Ribeira Grande,38.5167,-28.7,59.27,82,87,14.65,PT,overcast clouds
23,Hasaki,35.7333,140.8333,36.0,40,45,25.01,JP,scattered clouds
24,Nikolskoye,59.7035,30.7861,19.29,90,74,11.61,RU,broken clouds
25,Saint-Georges,12.0564,-61.7485,80.28,74,20,11.5,GD,few clouds
26,Upernavik,72.7868,-56.1549,-1.37,98,94,4.79,GL,overcast clouds
27,Avarua,-21.2078,-159.775,82.45,78,40,17.27,CK,scattered clouds
28,Beyneu,45.3167,55.2,37.0,83,85,11.23,KZ,overcast clouds
29,Shyryayeve,47.3805,30.1964,29.39,73,79,4.0,UA,broken clouds
30,Busselton,-33.65,115.3333,73.96,41,0,2.98,AU,clear sky
31,Jaen,38.0,-3.5,51.42,54,100,4.05,ES,overcast clouds
32,Cairns,-16.9167,145.7667,80.55,89,75,5.75,AU,broken clouds
33,Carnarvon,-24.8667,113.6333,77.07,65,76,9.22,AU,broken clouds
34,Mataura,-46.1927,168.8643,55.47,52,90,4.05,NZ,overcast clouds
35,Henties Bay,-22.116,14.2845,65.86,82,94,4.54,NA,overcast clouds
36,Ushuaia,-54.8,-68.3,53.26,54,0,17.27,AR,clear sky
37,Hobart,-42.8794,147.3294,67.12,80,75,6.91,AU,broken clouds
38,Codajas,-3.8367,-62.0569,73.74,97,100,4.43,BR,overcast clouds
39,Rawson,-43.3002,-65.1023,60.49,67,78,23.33,AR,broken clouds
40,Kingisepp,59.3733,28.6134,16.25,85,81,13.49,RU,broken clouds
41,Karpogory,64.0019,44.4451,-9.02,100,87,3.29,RU,overcast clouds
42,Saldanha,-33.0117,17.9442,60.85,70,0,15.61,ZA,clear sky
43,Amarante Do Maranhao,-5.5667,-46.7422,74.01,94,100,2.44,BR,overcast clouds
44,Jardim,-21.4803,-56.1381,80.8,68,100,8.1,BR,overcast clouds
45,Melville,40.7934,-73.4151,35.58,85,100,4.0,US,mist
46,Port Moresby,-9.4431,147.1797,80.02,78,40,11.5,PG,scattered clouds
47,Petrinja,45.4375,16.29,47.12,79,99,6.24,HR,light rain
48,Alta Floresta,-9.8756,-56.0861,75.74,88,4,2.24,BR,clear sky
49,Port Macquarie,-31.4333,152.9167,69.89,64,85,16.89,AU,overcast clouds
50,Anito,12.4497,125.2886,75.85,89,100,8.9,PH,overcast clouds
51,New Norfolk,-42.7826,147.0587,65.75,68,38,1.01,AU,scattered clouds
52,Vestmanna,62.1564,-7.1664,34.72,60,75,20.71,FO,broken clouds
53,Jiaojiang,28.6803,121.4428,37.0,84,0,5.84,CN,clear sky
54,Wollongong,-34.4333,150.8833,69.19,76,95,14.65,AU,overcast clouds
55,Klaksvik,62.2266,-6.589,36.52,53,93,34.92,FO,overcast clouds
56,Kununurra,-15.7667,128.7333,78.78,94,100,2.3,AU,overcast clouds
57,Kapaa,22.0752,-159.319,81.48,69,0,1.99,US,clear sky
58,Chokurdakh,70.6333,147.9167,-31.11,100,44,2.06,RU,scattered clouds
59,Sosnogorsk,63.6023,53.8817,-8.73,100,100,2.06,RU,overcast clouds
60,Atuona,-9.8,-139.0333,78.66,76,23,16.62,PF,light rain
61,Port Alfred,-33.5906,26.891,68.54,80,100,7.0,ZA,overcast clouds
62,Albany,42.6001,-73.9662,22.48,87,100,4.56,US,snow
63,Acapulco,16.8634,-99.8901,84.02,65,20,6.91,MX,few clouds
64,Eloy,32.7559,-111.5548,65.01,11,0,18.92,US,clear sky
65,Tuatapere,-46.1333,167.6833,55.81,58,96,4.18,NZ,overcast clouds
66,Tuktoyaktuk,69.4541,-133.0374,-23.8,76,0,18.41,CA,clear sky
67,Hithadhoo,-0.6,73.0833,81.52,74,82,11.41,MV,broken clouds
68,Sao Filipe,14.8961,-24.4956,73.78,71,0,6.76,CV,clear sky
69,Mar Del Plata,-38.0023,-57.5575,70.09,87,75,4.0,AR,moderate rain
70,Georgetown,5.4112,100.3354,78.89,95,40,1.99,MY,scattered clouds
71,Itaituba,-4.2761,-55.9836,76.48,91,98,1.54,BR,overcast clouds
72,Nanortalik,60.1432,-45.2371,10.74,73,100,39.01,GL,overcast clouds
73,Baghdad,33.3406,44.4009,49.91,66,0,4.61,IQ,clear sky
74,Bethel,41.3712,-73.414,34.16,87,100,5.75,US,light rain
75,Bitlis,38.5,42.25,21.99,97,100,4.23,TR,light snow
76,Sambava,-14.2667,50.1667,76.62,84,100,3.71,MG,light rain
77,Sao Borja,-28.6606,-56.0044,83.95,55,54,8.08,BR,broken clouds
78,Talnakh,69.4865,88.3972,1.2,95,99,6.4,RU,overcast clouds
79,Kharitonovo,61.4009,47.4978,-7.2,100,62,2.33,RU,broken clouds
80,Pisco,-13.7,-76.2167,73.45,68,0,24.16,PE,clear sky
81,Santa Isabel Do Rio Negro,-0.4139,-65.0192,75.2,94,77,1.36,BR,broken clouds
82,Tilichiki,60.4667,166.1,-7.29,82,97,8.99,RU,overcast clouds
83,Leningradskiy,69.3833,178.4167,-13.14,90,56,9.19,RU,broken clouds
84,Half Moon Bay,37.4636,-122.4286,68.52,43,0,3.44,US,clear sky
85,Coahuayana,18.7333,-103.6833,82.94,44,0,6.67,MX,clear sky
86,Longyearbyen,78.2186,15.6401,19.24,63,40,16.11,SJ,scattered clouds
87,Taoudenni,22.6783,-3.9836,67.53,12,70,10.33,ML,broken clouds
88,Morant Bay,17.8815,-76.4093,82.02,80,20,12.19,JM,few clouds
89,Noumea,-22.2763,166.4572,87.78,72,100,3.04,NC,overcast clouds
90,Taicheng,38.731,113.228,14.56,57,16,3.8,CN,few clouds
91,Tasiilaq,65.6145,-37.6368,24.96,78,100,40.67,GL,overcast clouds
92,Puerto Ayora,-0.7393,-90.3518,82.36,88,83,7.0,EC,broken clouds
93,Bobo Dioulasso,11.1771,-4.2979,73.85,25,39,6.91,BF,scattered clouds
94,Madimba,-10.4,40.3333,77.27,90,71,8.48,TZ,moderate rain
95,San-Pedro,4.7485,-6.6363,79.05,86,30,5.26,CI,scattered clouds
96,Ahipara,-35.1667,173.1667,77.7,70,94,15.21,NZ,overcast clouds
97,Bani,18.2833,-70.3333,76.44,70,1,15.88,DO,clear sky
98,Fortuna,40.5982,-124.1573,62.19,77,0,3.0,US,clear sky
99,Saskylakh,71.9167,114.0833,-6.83,99,100,5.91,RU,overcast clouds
100,Victoria,22.2855,114.1577,58.24,80,99,3.0,HK,overcast clouds
101,Cabo San Lucas,22.8909,-109.9124,74.61,57,7,6.62,MX,clear sky
102,Slupsk,54.4641,17.0287,42.35,86,100,17.22,PL,light rain
103,Tura,25.5198,90.2201,51.17,96,70,3.69,IN,broken clouds
104,Merauke,-8.4667,140.3333,82.94,79,100,13.29,ID,overcast clouds
105,Jamestown,42.097,-79.2353,21.09,65,100,3.0,US,overcast clouds
106,Angostura,25.3667,-108.1833,77.63,31,0,9.44,MX,clear sky
107,Humaita,-7.5061,-63.0208,74.23,98,100,1.61,BR,light rain
108,Ancud,-41.8697,-73.8203,63.93,74,83,4.38,CL,broken clouds
109,Port Elizabeth,-33.918,25.5701,66.49,77,75,2.3,ZA,broken clouds
110,Ponta Do Sol,32.6667,-17.1,66.7,67,100,2.46,PT,overcast clouds
111,Anadyr,64.75,177.4833,12.7,44,1,22.37,RU,clear sky
112,Tautira,-17.7333,-149.15,80.62,77,21,15.9,PF,light rain
113,Airai,-8.9266,125.4092,64.67,80,86,1.45,TL,overcast clouds
114,Zanjan,36.6736,48.4787,29.91,82,90,6.87,IR,overcast clouds
115,Poum,-20.2333,164.0167,81.48,82,100,19.93,NC,overcast clouds
116,Pierre,44.3683,-100.351,16.86,47,100,11.99,US,overcast clouds
117,Zurrieq,35.8311,14.4742,56.97,74,26,19.22,MT,scattered clouds
118,Lata,40.1629,-8.3327,50.05,96,99,1.74,PT,overcast clouds
119,Ipanema,-30.1391,-51.2244,84.18,74,40,9.22,BR,scattered clouds
120,Dikson,73.5069,80.5464,-3.3,95,100,6.73,RU,overcast clouds
121,Salaga,8.5508,-0.5188,83.21,13,0,5.44,GH,clear sky
122,Concepcion,-36.827,-73.0498,66.24,63,0,13.62,CL,clear sky
123,Provideniya,64.3833,-173.3,3.63,59,0,12.93,RU,clear sky
124,Okha,53.5739,142.9478,2.03,92,100,20.42,RU,overcast clouds
125,Vila Velha,-20.3297,-40.2925,78.94,87,75,5.99,BR,broken clouds
126,Cherskiy,68.75,161.3,-34.55,98,13,4.36,RU,few clouds
127,San Cristobal,7.7669,-72.225,77.18,85,74,2.17,VE,broken clouds
128,Nova Vicosa,-17.8919,-39.3719,77.63,86,100,10.42,BR,overcast clouds
129,Rio Grande,-32.035,-52.0986,76.95,89,28,7.52,BR,scattered clouds
130,Kieta,-6.2167,155.6333,85.06,74,99,11.61,PG,overcast clouds
131,Huntingdon,52.3305,-0.1865,40.17,83,9,7.0,GB,clear sky
132,Nanlong,31.3533,106.0631,45.07,67,99,2.62,CN,overcast clouds
133,San Quintin,30.4833,-115.95,61.74,40,1,10.47,MX,clear sky
134,Demba,-5.51,22.2667,67.12,91,100,2.33,CD,overcast clouds
135,Yurty,56.0498,97.6348,11.5,89,99,4.12,RU,overcast clouds
136,Cidreira,-30.1811,-50.2056,72.37,93,100,5.48,BR,overcast clouds
137,Victor Harbor,-35.5667,138.6167,75.72,69,89,9.95,AU,overcast clouds
138,Margate,51.3813,1.3862,41.95,75,33,1.99,GB,scattered clouds
139,Mahebourg,-20.4081,57.7,79.25,89,75,16.11,MU,broken clouds
140,Touros,-5.1989,-35.4608,81.5,71,12,13.96,BR,few clouds
141,Kodiak,57.79,-152.4072,36.91,75,100,4.61,US,overcast clouds
142,Hamadan,34.7992,48.5146,31.08,100,100,0.0,IR,overcast clouds
143,Port Hardy,50.6996,-127.4199,46.58,87,100,4.61,CA,light rain
144,Travesia,15.8667,-87.9,88.09,81,58,6.04,HN,broken clouds
145,Korla,41.7597,86.1469,25.47,45,100,4.68,CN,overcast clouds
146,Barrow,71.2906,-156.7887,-25.58,75,100,9.22,US,haze
147,Arraial Do Cabo,-22.9661,-42.0278,76.96,94,40,11.5,BR,scattered clouds
148,Khatanga,71.9667,102.5,-37.07,100,66,3.02,RU,broken clouds
149,Zdunska Wola,51.5992,18.9397,40.91,85,100,5.01,PL,overcast clouds
150,Lavrentiya,65.5833,-171.0,-4.54,73,0,6.67,RU,clear sky
151,Jilib,0.4883,42.7854,72.66,92,59,5.66,SO,broken clouds
152,Baracoa,20.3467,-74.4958,74.97,80,78,10.45,CU,broken clouds
153,Lorengau,-2.0226,147.2712,83.5,67,79,5.91,PG,broken clouds
154,Zhicheng,30.2956,111.5047,37.38,74,6,2.17,CN,clear sky
155,Epiniana,39.1429,21.6134,29.75,66,1,3.2,GR,clear sky
156,Vaini,-21.2,-175.2,78.96,94,75,14.97,TO,light rain
157,San Rafael,-34.6177,-68.3301,69.93,53,49,3.38,AR,scattered clouds
158,Maku,39.2911,44.4521,26.37,91,100,4.05,IR,overcast clouds
159,Toro,4.6117,-76.0814,74.08,90,98,4.47,CO,overcast clouds
160,Nizwa,22.9333,57.5333,65.37,34,9,0.4,OM,clear sky
161,Laguna,38.421,-121.4238,67.66,40,0,1.01,US,clear sky
162,Tselinnoye,53.0833,85.6667,-6.3,100,64,3.31,RU,broken clouds
163,El Rosario,24.2556,-107.1828,75.29,38,0,11.74,MX,clear sky
164,Hami,42.8,93.45,22.93,36,85,2.84,CN,overcast clouds
165,Vestmannaeyjar,63.4427,-20.2734,33.89,66,100,26.49,IS,overcast clouds
166,Rehoboth,-23.3167,17.0833,76.35,37,98,9.4,NA,overcast clouds
167,Nairn,57.5809,-3.8797,36.16,89,75,1.01,GB,broken clouds
168,Haimen,23.1935,116.6142,49.89,78,100,11.03,CN,overcast clouds
169,Surman,32.7567,12.5716,57.38,37,5,11.32,LY,clear sky
170,Mount Gambier,-37.8333,140.7667,60.71,77,99,12.66,AU,overcast clouds
171,Shajapur,23.4333,76.2667,53.06,32,0,2.44,IN,clear sky
172,Castro,-24.7911,-50.0119,66.15,96,96,4.99,BR,overcast clouds
173,Skeldon,5.8833,-57.1333,75.96,84,95,5.82,GY,overcast clouds
174,Telde,27.9924,-15.4192,65.05,39,0,2.3,ES,clear sky
175,Bengkulu,-3.8004,102.2655,72.9,95,100,4.81,ID,light rain
176,Neryungri,56.6709,124.6491,-5.15,96,100,8.63,RU,overcast clouds
177,Hobyo,5.3505,48.5268,75.69,71,15,15.32,SO,few clouds
178,Sao Joao Da Barra,-21.6403,-41.0511,76.57,84,45,22.86,BR,scattered clouds
179,Otradnoye,59.7775,30.8181,19.45,90,74,11.63,RU,broken clouds
180,Torbay,47.6666,-52.7314,32.76,96,100,12.66,CA,mist
181,Talaya,61.3833,152.75,-40.81,100,79,1.57,RU,broken clouds
182,Flinders,-34.5833,150.8552,69.19,76,93,8.99,AU,light rain
183,Dagana,16.5165,-15.5068,76.91,8,0,9.64,MR,clear sky
184,Lebu,-37.6167,-73.65,59.85,82,1,18.41,CL,clear sky
185,Leiyang,26.4024,112.8591,42.12,90,100,2.06,CN,overcast clouds
186,Kaitangata,-46.2817,169.8464,58.93,53,84,4.85,NZ,broken clouds
187,Sinnamary,5.3833,-52.95,76.14,88,100,8.57,GF,overcast clouds
188,Lady Frere,-31.7031,27.2329,58.66,96,100,6.04,ZA,overcast clouds
189,Mubi,10.2676,13.2644,64.87,23,50,3.56,NG,scattered clouds
190,Alvorada,-12.48,-49.1247,75.94,87,43,2.42,BR,scattered clouds
191,Alofi,-19.0595,-169.9187,82.29,78,100,9.22,NU,overcast clouds
192,Santo Antonio Do Ica,-3.1022,-67.9397,74.41,97,89,1.88,BR,moderate rain
193,Peleduy,59.6289,112.7406,5.32,98,100,4.0,RU,overcast clouds
194,Hervey Bay,-25.2986,152.8535,78.04,67,61,14.0,AU,broken clouds
195,Yellowknife,62.456,-114.3525,-23.58,75,40,3.44,CA,scattered clouds
196,San Andres,12.5847,-81.7006,84.22,65,20,12.66,CO,few clouds
197,Takanabe,32.1333,131.5,39.09,59,14,6.15,JP,few clouds
198,Sitka,57.0531,-135.33,42.69,87,100,6.91,US,mist
199,Parry Sound,45.3501,-80.033,10.45,48,100,5.12,CA,overcast clouds
200,Sibolga,1.7427,98.7792,73.53,88,100,3.51,ID,light rain
201,Husavik,66.0449,-17.3389,17.51,93,100,4.34,IS,light snow
202,Talara,-4.5772,-81.2719,77.76,73,0,17.27,PE,clear sky
203,Chokwe,-24.5333,32.9833,78.58,58,26,9.86,MZ,scattered clouds
204,Bonthe,7.5264,-12.505,76.78,85,38,5.1,SL,scattered clouds
205,Karanganyar,-6.7072,111.0834,75.24,93,79,3.49,ID,broken clouds
206,Beringovskiy,63.05,179.3167,-8.88,87,92,11.74,RU,overcast clouds
207,Weihai,37.5017,122.1136,28.63,51,100,21.07,CN,overcast clouds
208,Balaka,-14.9793,34.9558,67.64,98,100,5.82,MW,overcast clouds
209,Shelburne,44.0787,-80.2041,11.12,83,100,7.11,CA,overcast clouds
210,Stockerau,48.383,16.1996,44.31,76,99,12.19,AT,overcast clouds
211,Port Lincoln,-34.7333,135.8667,68.22,73,89,13.33,AU,overcast clouds
212,Helong,42.5397,128.9972,1.26,81,30,6.98,CN,scattered clouds
213,Zhigansk,66.7697,123.3711,-29.88,99,99,5.14,RU,overcast clouds
214,Nerchinskiy Zavod,51.3088,119.61,-6.97,94,100,2.53,RU,overcast clouds
215,Tabas,33.5959,56.9244,56.25,35,94,3.51,IR,overcast clouds
216,Vitim,59.4511,112.5578,5.83,98,100,4.09,RU,overcast clouds
217,Ust-Kulom,61.6864,53.6902,-2.09,100,100,2.04,RU,overcast clouds
218,Jieshi,22.8134,115.8257,51.94,75,100,9.51,CN,overcast clouds
219,Coquimbo,-29.9533,-71.3436,67.73,68,0,10.36,CL,clear sky
220,Broome,42.2506,-75.833,19.78,76,75,1.99,US,mist
221,Kawalu,-7.3817,108.2082,71.87,93,90,2.53,ID,overcast clouds
222,Esperance,-33.8667,121.9,62.44,70,2,15.03,AU,clear sky
223,Birnin Kebbi,12.4539,4.1975,67.39,13,0,10.22,NG,clear sky
224,Okoneshnikovo,54.8377,75.0834,8.15,82,97,8.34,RU,overcast clouds
225,Nakhon Phanom,17.3333,104.4167,56.25,84,14,5.91,TH,few clouds
226,Baruun-Urt,46.6806,113.2792,-3.03,91,85,7.94,MN,overcast clouds
227,Rafaela,-31.2503,-61.4867,79.05,62,100,5.01,AR,overcast clouds
228,Rapid Valley,44.0625,-103.1463,44.04,45,0,7.0,US,clear sky
229,Sibu,2.3,111.8167,75.51,94,40,1.99,MY,scattered clouds
230,Santa Maria,-29.6842,-53.8069,79.9,83,20,3.44,BR,few clouds
231,Kuusamo,65.9667,29.1833,12.24,85,100,20.71,FI,overcast clouds
232,Mana,5.6592,-53.7767,75.96,89,100,7.4,GF,overcast clouds
233,Syracuse,37.0881,15.2792,54.61,83,23,9.06,IT,few clouds
234,Tahe,52.3333,124.7333,2.98,85,100,7.96,CN,overcast clouds
235,Tessalit,20.1986,1.0114,60.89,14,0,10.58,ML,clear sky
236,Luderitz,-26.6481,15.1594,67.14,74,16,7.94,NA,few clouds
237,Maykor,59.0059,55.88,18.79,95,100,8.68,RU,snow
238,Roald,62.5833,6.1333,39.9,75,75,29.93,NO,broken clouds
239,Batemans Bay,-35.7167,150.1833,66.99,80,89,10.4,AU,light rain
240,Berdigestyakh,62.0989,126.6992,-26.7,100,95,2.95,RU,overcast clouds
241,Beloha,-25.1667,45.05,74.75,87,47,16.87,MG,scattered clouds
242,Samfya,-11.3649,29.5565,62.51,93,100,3.71,ZM,overcast clouds
243,Pacific Grove,36.6177,-121.9166,69.48,54,0,4.0,US,clear sky
244,Kapoeta,4.7717,33.5903,82.2,36,100,4.65,SS,overcast clouds
245,Sivas,39.7916,37.0019,5.16,100,86,3.8,TR,overcast clouds
246,Villa Bruzual,9.3328,-69.1208,80.91,56,56,5.32,VE,broken clouds
247,Pevek,69.7008,170.3133,-23.4,100,88,6.06,RU,overcast clouds
248,Qasigiannguit,68.8193,-51.1922,2.34,87,100,6.98,GL,overcast clouds
249,Ulaangom,49.9811,92.0667,-23.35,92,93,2.33,MN,overcast clouds
250,Naze,28.3667,129.4833,52.72,60,80,17.27,JP,broken clouds
251,Hovd,48.0056,91.6419,-11.24,78,8,3.69,MN,clear sky
252,Avare,-23.0986,-48.9258,68.52,93,99,3.58,BR,light rain
253,Mangrol,21.1167,70.1167,63.72,63,3,1.77,IN,clear sky
254,Grindavik,63.8424,-22.4338,27.07,68,100,19.57,IS,overcast clouds
255,Tiksi,71.6872,128.8694,-20.6,98,100,7.05,RU,overcast clouds
256,Irara,-12.05,-38.7667,74.43,85,91,10.25,BR,overcast clouds
257,Paamiut,61.994,-49.6678,7.0,91,100,7.76,GL,light snow
258,Stornoway,58.2093,-6.3865,35.92,86,40,10.0,GB,light rain
259,Geraldton,-28.7667,114.6,75.61,27,0,11.5,AU,clear sky
260,Bokoro,12.3807,17.0568,66.36,15,1,15.55,TD,clear sky
261,Nantucket,41.2835,-70.0995,39.31,93,100,14.97,US,mist
262,Northallerton,54.339,-1.4324,38.01,65,8,13.4,GB,clear sky
263,Constitucion,-35.3333,-72.4167,64.24,76,18,16.96,CL,few clouds
264,Nabire,-3.3667,135.4833,78.55,88,100,1.03,ID,overcast clouds
265,Nouadhibou,20.931,-17.0347,69.78,52,0,11.5,MR,clear sky
266,Portland,45.5234,-122.6762,50.45,87,100,3.0,US,overcast clouds
267,Turayf,31.6725,38.6637,41.25,81,0,11.5,SA,clear sky
268,Saint-Leu,-21.15,55.2833,79.63,77,100,11.74,RE,light rain
269,Vanavara,60.34,102.2797,1.78,97,100,4.9,RU,overcast clouds
270,Santa Helena De Goias,-17.8136,-50.5969,75.29,80,86,2.89,BR,overcast clouds
271,Guia De Isora,28.2115,-16.7795,60.39,66,7,1.99,ES,clear sky
272,Kaohsiung,22.6163,120.3133,59.04,85,40,1.01,TW,scattered clouds
273,Fort Nelson,58.8053,-122.7002,-11.61,77,100,2.3,CA,light snow
274,Shirokiy,49.758,129.523,-28.16,100,48,3.67,RU,scattered clouds
275,Namibe,-15.1961,12.1522,72.01,73,92,7.09,AO,overcast clouds
276,Lang Son,21.8333,106.7333,45.52,88,31,4.38,VN,scattered clouds
277,Maldonado,-34.6667,-54.9167,72.79,91,31,5.23,UY,scattered clouds
278,Dauphin,51.1494,-100.0502,-7.46,64,0,4.61,CA,clear sky
279,Makakilo City,21.3469,-158.0858,79.2,57,20,4.61,US,few clouds
280,Kavaratti,10.5669,72.642,77.92,60,98,5.53,IN,overcast clouds
281,Bathsheba,13.2167,-59.5167,79.41,69,40,12.66,BB,scattered clouds
282,Gamba,-2.65,10.0,75.76,85,57,2.04,GA,broken clouds
283,Ullubiyaul,42.5969,47.7182,39.02,84,100,9.84,RU,overcast clouds
284,Coihaique,-45.5752,-72.0662,75.15,35,20,5.75,CL,few clouds
285,Havre-Saint-Pierre,50.2334,-63.5986,3.2,77,75,9.22,CA,broken clouds
286,Xai-Xai,-25.0519,33.6442,77.23,74,98,12.53,MZ,light rain
287,Schotten,50.5,9.1333,39.11,86,100,13.42,DE,overcast clouds
288,Dwarka,22.2394,68.9678,68.9,59,1,7.02,IN,clear sky
289,Kargasok,59.0556,80.8572,22.5,88,100,12.37,RU,overcast clouds
290,Mmathubudukwane,-24.6,26.4333,76.06,85,60,6.26,BW,light rain
291,Axim,4.8699,-2.2405,78.87,85,16,2.93,GH,few clouds
292,Celestun,20.8667,-90.4,76.39,81,4,13.53,MX,clear sky
293,Togur,58.3631,82.8265,20.48,84,100,11.56,RU,overcast clouds
294,Enshi,30.3,109.4833,39.18,89,95,1.48,CN,overcast clouds
295,Balikpapan,-1.2675,116.8289,76.19,100,20,4.61,ID,few clouds
296,Karaton,-6.3424,106.1045,73.56,94,94,1.72,ID,overcast clouds
297,Malanville,11.8685,3.3899,69.35,14,0,8.25,BJ,clear sky
298,Beroroha,-21.6667,45.1667,75.42,70,27,4.03,MG,scattered clouds
299,Yishui,35.7847,118.6281,22.8,33,0,3.0,CN,clear sky
300,East London,-33.0153,27.9116,68.88,83,100,7.85,ZA,light rain
301,Khandyga,62.6667,135.6,-41.93,100,59,1.9,RU,broken clouds
302,Flin Flon,54.7682,-101.865,-13.16,64,75,5.75,CA,broken clouds
303,Lagos,6.5833,3.75,82.72,87,0,2.37,NG,clear sky
304,Ubauro,28.1652,69.7289,56.52,29,0,9.6,PK,clear sky
305,Roma,43.2128,-75.4557,17.96,88,100,4.61,US,snow
306,Caravelas,-17.7125,-39.2481,77.09,88,100,8.12,BR,overcast clouds
307,Yulara,-25.2406,130.9889,66.04,55,0,9.22,AU,clear sky
308,Nazarovo,56.0064,90.3914,15.53,86,100,7.87,RU,overcast clouds
309,Hofn,64.2539,-15.2082,26.62,59,0,13.8,IS,clear sky
310,Vardo,70.3705,31.1107,17.8,90,100,28.79,NO,light snow
311,Hamilton,39.1834,-84.5333,24.89,85,100,1.01,US,overcast clouds
312,Sai Buri,6.7013,101.6168,76.96,84,96,12.91,TH,overcast clouds
313,Peruibe,-24.32,-46.9983,75.96,95,99,3.67,BR,overcast clouds
314,Melilla,35.2937,-2.9383,62.98,39,0,6.91,ES,clear sky
315,Pachino,36.7186,15.0907,54.59,86,30,15.35,IT,scattered clouds
316,Karasjok,69.4719,25.5112,12.31,92,100,22.88,NO,light snow
317,Iisalmi,63.5592,27.1907,19.42,92,100,16.13,FI,light snow
318,Manta,-0.95,-80.7333,82.18,74,40,4.61,EC,scattered clouds
319,Kavieng,-2.5744,150.7967,83.19,71,90,6.49,PG,overcast clouds
320,Newcastle,-32.9272,151.7765,73.65,58,100,10.0,AU,overcast clouds
321,Ust-Nera,64.5667,143.2,-20.96,74,85,0.65,RU,overcast clouds
322,Chapais,49.7834,-74.8492,-6.02,94,97,4.16,CA,overcast clouds
323,Pergine Valsugana,46.065,11.238,42.42,68,53,1.41,IT,broken clouds
324,Pingzhuang,42.0372,119.2889,7.12,52,0,9.24,CN,clear sky
325,Fairbanks,64.8378,-147.7164,6.82,62,75,0.0,US,broken clouds
326,Tateyama,34.9833,139.8667,37.42,58,16,20.96,JP,few clouds
327,Omsukchan,62.5333,155.8,-19.07,77,6,7.38,RU,clear sky
328,Phetchaburi,12.9667,99.5833,78.3,91,50,2.42,TH,scattered clouds
329,Gao,16.6362,1.637,62.67,12,0,12.37,ML,clear sky
330,Nome,64.5011,-165.4064,6.17,59,100,5.39,US,overcast clouds
331,High Level,58.5169,-117.136,-0.29,78,100,8.05,CA,light snow
332,Aklavik,68.2191,-135.0107,-17.57,75,0,11.5,CA,clear sky
333,Sakaiminato,35.55,133.2333,33.78,75,75,16.11,JP,broken clouds
334,Inuvik,68.3499,-133.7218,-17.54,76,20,4.61,CA,few clouds
335,Richards Bay,-28.783,32.0377,71.87,95,100,16.37,ZA,heavy intensity rain
336,Gat,31.61,34.7642,54.09,100,72,9.31,IL,broken clouds
337,Nyrob,60.733,56.7202,5.95,97,100,4.09,RU,overcast clouds
338,Nelson Bay,-32.7167,152.15,73.96,67,88,4.0,AU,overcast clouds
339,Conceicao Do Mato Dentro,-19.0372,-43.425,70.03,93,100,0.47,BR,overcast clouds
340,Svetlaya,46.5389,138.3297,4.75,74,62,9.66,RU,broken clouds
341,Kulhudhuffushi,6.6221,73.07,81.01,63,57,7.85,MV,broken clouds
342,Mersing,2.4312,103.8405,80.51,83,100,8.05,MY,overcast clouds
343,Kalmunai,7.4167,81.8167,73.2,78,27,0.49,LK,scattered clouds
344,Tortoli,39.9256,9.6572,54.41,55,95,4.94,IT,overcast clouds
345,Kashi,39.4547,75.9797,24.01,54,20,6.71,CN,few clouds
346,San Patricio,28.017,-97.5169,46.49,51,57,17.22,US,broken clouds
347,Aykhal,66.0,111.5,-26.07,100,89,4.21,RU,overcast clouds
348,Mtwara,-10.2667,40.1833,77.34,90,87,8.57,TZ,moderate rain
349,Walvis Bay,-22.9575,14.5053,67.15,82,68,4.61,NA,broken clouds
350,Thompson,55.7435,-97.8558,-9.24,59,20,8.05,CA,few clouds
351,Aksu,41.1231,80.2644,26.76,60,96,6.06,CN,overcast clouds
352,Ilulissat,69.2167,-51.1,3.94,85,100,14.05,GL,light snow
353,Bazarnyye Mataki,54.8833,49.9333,27.16,97,100,6.96,RU,overcast clouds
354,Salalah,17.0151,54.0924,69.06,68,2,2.19,OM,clear sky
355,Northam,51.0333,-4.2167,44.62,72,46,15.99,GB,scattered clouds
356,Badvel,14.75,79.05,67.86,96,43,2.51,IN,scattered clouds
357,Sorgun,39.8101,35.186,17.96,97,99,3.11,TR,overcast clouds
358,Vanderhoof,54.0166,-124.0198,38.41,93,72,4.0,CA,broken clouds
359,Kikwit,-5.041,18.8162,69.94,92,100,1.41,CD,overcast clouds
360,Bambous Virieux,-20.3428,57.7575,79.21,89,75,16.11,MU,light rain
361,Isangel,-19.55,169.2667,78.91,94,100,4.61,VU,moderate rain
362,Clyde River,70.4692,-68.5914,-7.37,77,100,8.05,CA,light snow
363,Presidencia Roque Saenz Pena,-26.7852,-60.4388,70.5,96,97,8.52,AR,moderate rain
364,Letlhakane,-21.4167,25.5833,73.98,64,83,13.78,BW,light rain
365,Karratha,-20.7377,116.8463,85.17,67,98,7.83,AU,overcast clouds
366,Kerrville,30.0474,-99.1403,39.54,52,0,16.11,US,clear sky
367,Kristiinankaupunki,62.2743,21.376,32.38,98,100,15.01,FI,light snow
368,Kincardine,56.0667,-3.7167,38.55,92,13,10.74,GB,few clouds
369,Lasa,46.6166,10.7002,33.03,73,78,5.28,IT,broken clouds
370,Luganville,-15.5333,167.1667,79.84,85,100,3.76,VU,overcast clouds
371,Scarborough,54.2797,-0.4044,37.33,81,7,5.01,GB,clear sky
372,Lensk,60.7253,114.9278,4.89,93,99,7.76,RU,overcast clouds
373,Qaqortoq,60.7167,-46.0333,2.68,62,15,19.6,GL,few clouds
374,Kaeo,-35.1,173.7833,75.33,90,88,11.25,NZ,overcast clouds
375,Quatre Cocos,-20.2078,57.7625,79.09,87,100,17.38,MU,light rain
376,Banda Aceh,5.5577,95.3222,77.79,81,91,8.43,ID,overcast clouds
377,Xiongzhou,25.1167,114.3,41.68,84,64,2.51,CN,broken clouds
378,Marsh Harbour,26.5412,-77.0636,74.03,64,60,11.01,BS,broken clouds
379,Arawa,-6.2132,155.5367,85.3,74,99,7.49,PG,overcast clouds
380,Gravdal,68.1214,13.5031,26.24,82,96,19.98,NO,overcast clouds
381,Carlagan,14.975,122.0456,77.54,77,82,17.56,PH,broken clouds
382,Pitkyaranta,61.5734,31.4792,12.9,94,100,15.57,RU,overcast clouds
383,Tromso,69.6496,18.957,19.42,73,75,20.71,NO,broken clouds
384,Traverse City,44.7631,-85.6206,18.95,80,100,1.99,US,overcast clouds
385,Rosamorada,22.1222,-105.2058,81.52,39,2,9.55,MX,clear sky
386,Yola,9.2,12.4833,73.06,18,41,3.96,NG,scattered clouds
387,Nancha,47.1333,129.2667,-11.2,98,46,3.15,CN,scattered clouds
388,Charters Towers,-20.1,146.2667,77.94,67,60,14.25,AU,broken clouds
389,Koraput,18.8167,82.7167,52.84,40,25,1.88,IN,scattered clouds
390,Chumikan,54.7183,135.315,-3.89,77,100,14.7,RU,overcast clouds
391,Yuli,9.6989,10.2744,69.96,16,0,7.65,NG,clear sky
392,Sfantu Gheorghe,45.8667,25.7833,27.66,68,14,1.3,RO,few clouds
393,Ukiah,39.1502,-123.2078,68.52,34,41,1.01,US,scattered clouds
394,Dickinson,29.4608,-95.0513,35.04,77,96,5.01,US,overcast clouds
395,Medina Del Campo,41.3124,-4.9141,46.76,79,100,3.38,ES,overcast clouds
396,Lar,26.2039,83.9717,50.4,94,24,0.78,IN,few clouds
397,Farafangana,-22.8167,47.8333,77.61,90,100,17.96,MG,moderate rain
398,Mont-Dore,-22.2833,166.5833,87.78,72,100,0.94,NC,overcast clouds
399,Yokadouma,3.5167,15.05,68.68,28,100,1.43,CM,overcast clouds
400,Fatehpur,25.9333,80.8,49.86,82,0,3.71,IN,clear sky
401,Sardulgarh,29.7,75.25,45.63,90,0,5.68,IN,clear sky
402,Bloomfield,40.8068,-74.1854,36.01,92,100,1.99,US,moderate rain
403,Tra Vinh,9.9347,106.3453,74.3,84,59,7.29,VN,broken clouds
404,Monopoli,40.9559,17.2896,51.42,80,32,5.99,IT,scattered clouds
405,Abaza,52.655,90.0928,2.07,87,29,5.5,RU,scattered clouds
406,Antalaha,-14.9003,50.2788,75.96,82,100,5.41,MG,light rain
407,Chulym,55.0997,80.9572,11.77,87,100,10.13,RU,overcast clouds
408,Codrington,-38.2667,141.9667,66.02,61,90,14.38,AU,overcast clouds
409,Christchurch,-43.5333,172.6333,57.9,90,100,4.0,NZ,overcast clouds
410,Cururupu,-1.8283,-44.8683,75.49,92,98,2.53,BR,overcast clouds
411,Guerrero Negro,27.9769,-114.0611,66.88,19,0,7.61,MX,clear sky
412,Buala,-8.145,159.5921,83.14,81,100,8.43,SB,light rain
413,Saboya,5.6964,-73.7693,52.83,96,94,2.37,CO,overcast clouds
414,Angoche,-16.2325,39.9086,76.98,84,94,4.14,MZ,overcast clouds
415,Kizner,56.2749,51.508,26.11,96,100,5.21,RU,snow
416,Yar-Sale,66.8333,70.8333,6.04,96,100,5.99,RU,overcast clouds
417,Grand Gaube,-20.0064,57.6608,79.38,82,100,8.01,MU,overcast clouds
418,Ketchikan,55.3422,-131.6461,39.07,98,100,6.2,US,light rain
419,Kantunilkin,21.0917,-87.45,83.95,56,16,3.33,MX,few clouds
420,Honiara,-9.4333,159.95,84.2,78,99,5.17,SB,overcast clouds
421,Powell River,49.8496,-124.5361,47.52,93,100,18.41,CA,overcast clouds
422,Vao,-22.6667,167.4833,80.38,87,100,17.54,NC,light rain
423,College,64.8569,-147.8028,6.8,61,75,0.0,US,broken clouds
424,Cabedelo,-6.9811,-34.8339,81.27,69,16,12.8,BR,few clouds
425,Chernyshevskiy,63.0128,112.4714,-20.99,100,96,1.54,RU,overcast clouds
426,Zhezkazgan,47.8043,67.7144,5.92,82,47,12.08,KZ,scattered clouds
427,Hambantota,6.1241,81.1185,73.0,84,19,6.87,LK,few clouds
428,Chuy,-33.6971,-53.4616,70.86,91,12,7.16,UY,few clouds
429,Qitaihe,45.8,130.85,-5.53,91,54,9.06,CN,broken clouds
430,Atambua,-9.1061,124.8925,75.72,87,88,0.31,ID,overcast clouds
431,Sorong,-0.8833,131.25,82.31,77,100,12.68,ID,overcast clouds
432,Kiunga,-6.1219,141.2906,77.9,88,99,2.53,PG,overcast clouds
433,Atasu,48.6814,71.6433,5.81,77,5,8.77,KZ,clear sky
434,Saulkrasti,57.2622,24.4147,30.15,93,100,18.81,LV,overcast clouds
435,Pochutla,15.7432,-96.4661,87.82,56,15,8.41,MX,few clouds
436,Crixas,-14.5489,-49.9692,76.39,82,73,0.63,BR,broken clouds
437,Mount Pleasant,32.7941,-79.8626,67.08,96,100,1.99,US,overcast clouds
438,Belaya Gora,68.5333,146.4167,-39.28,100,47,1.19,RU,scattered clouds
439,Bandarbeyla,9.4942,50.8122,73.24,72,1,8.16,SO,clear sky
440,Szentgotthard,46.9526,16.2736,40.41,89,25,3.78,HU,scattered clouds
441,Port-Cartier,50.0334,-66.8654,-0.26,95,42,5.23,CA,scattered clouds
442,Kyren,51.6828,102.1408,-0.96,83,52,1.99,RU,broken clouds
443,Uthal,25.8072,66.6219,63.12,33,0,1.39,PK,clear sky
444,Elizabeth City,36.2946,-76.2511,73.42,77,100,1.01,US,overcast clouds
445,Manicore,-5.8092,-61.3003,74.37,98,97,0.76,BR,light rain
446,Kutum,14.2,24.6667,54.88,23,5,12.88,SD,clear sky
447,Chara,56.9064,118.2631,-15.59,86,97,1.7,RU,overcast clouds
448,Sorata,-15.7667,-68.6333,49.73,94,100,5.79,BO,light rain
449,Oum Hadjer,13.2954,19.6966,67.77,16,1,12.62,TD,clear sky
450,Brae,60.3964,-1.353,40.91,59,100,29.53,GB,overcast clouds
451,Jacareacanga,-6.2222,-57.7528,74.55,97,100,1.01,BR,overcast clouds
452,Srednekolymsk,67.45,153.6833,-36.17,100,100,2.13,RU,overcast clouds
453,Opuwo,-18.0607,13.84,68.81,51,67,2.53,NA,broken clouds
454,Lompoc,34.6391,-120.4579,71.02,33,0,4.0,US,clear sky
455,Samana,19.2056,-69.3369,78.76,85,32,9.93,DO,scattered clouds
456,Ondjiva,-17.0667,15.7333,70.34,63,100,3.78,AO,overcast clouds
457,Tyup,42.7276,78.3648,10.9,75,16,4.83,KG,few clouds
458,Kropotkin,45.4375,40.5756,30.16,96,90,12.12,RU,overcast clouds
459,Lucapa,-8.4192,20.7447,62.2,98,74,2.19,AO,broken clouds
460,Tamandare,-8.7597,-35.1047,79.12,71,31,8.81,BR,scattered clouds
461,Corowa,-36.0333,146.3833,72.0,48,1,5.84,AU,clear sky
462,Veere,51.5483,3.6667,44.6,81,7,7.0,NL,clear sky
463,Beisfjord,68.3751,17.5988,19.45,83,98,10.2,NO,overcast clouds
464,Bowen,-20.0167,148.2333,79.02,71,100,18.77,AU,overcast clouds
465,Craigieburn,-37.6,144.95,70.57,71,20,3.44,AU,few clouds
466,Illapel,-31.6308,-71.1653,73.44,47,0,5.88,CL,clear sky
467,Verkhnyaya Inta,65.9811,60.3094,5.79,97,99,6.62,RU,overcast clouds
468,Pemba,-12.974,40.5178,77.34,86,100,6.17,MZ,light rain
469,Tyumentsevo,53.3224,81.498,-1.34,89,34,6.71,RU,scattered clouds
470,Djenne,13.9061,-4.5533,73.74,11,11,10.47,ML,few clouds
471,Honningsvag,70.9821,25.9704,20.21,87,100,39.21,NO,light snow
472,Dubuque,42.4833,-90.8668,13.62,65,40,18.41,US,scattered clouds
473,Samarai,-10.6167,150.6667,83.97,73,87,8.1,PG,overcast clouds
474,Bilibino,68.0546,166.4372,-9.2,78,1,5.03,RU,clear sky
475,Bitkine,11.9801,18.2138,67.48,14,2,8.93,TD,clear sky
476,Tocopilla,-22.092,-70.1979,72.05,69,16,14.79,CL,few clouds
477,Ouegoa,-20.35,164.4333,83.88,78,100,13.15,NC,overcast clouds
478,Riviere-Au-Renard,48.9957,-64.3971,10.4,82,100,11.39,CA,overcast clouds
479,Changji,44.0167,87.3167,2.19,85,100,2.24,CN,fog
480,Santa Cruz,-17.8,-63.1667,82.45,74,75,13.8,BO,broken clouds
481,Putina,-15.4667,-69.4333,52.14,59,86,3.83,PE,overcast clouds
482,Lashio,22.9333,97.75,46.27,72,0,1.68,MM,clear sky
483,Sayyan,15.1718,44.3244,53.47,83,8,4.5,YE,clear sky
484,Vila Do Maio,15.1333,-23.2167,72.39,83,0,12.66,CV,clear sky
485,Ati,13.2154,18.3353,65.73,15,0,16.55,TD,clear sky
486,Guiglo,6.5456,-7.4966,78.31,69,88,3.33,CI,light rain
487,Komsomolskiy,40.4272,71.7189,36.82,68,11,4.61,UZ,few clouds
488,Tuy Hoa,13.0833,109.3,72.32,91,69,10.96,VN,broken clouds
489,Evensk,61.95,159.2333,15.12,44,0,19.26,RU,clear sky
490,Ciudad Bolivar,8.1222,-63.5497,88.16,36,30,8.14,VE,scattered clouds
491,Cap Malheureux,-19.9842,57.6142,79.47,82,100,7.0,MU,overcast clouds
492,Longhua,23.6137,114.1919,41.97,87,15,3.49,CN,few clouds
493,Verkhoyansk,67.5447,133.385,-40.61,100,60,1.01,RU,broken clouds
494,Kovdor,67.5662,30.4758,11.23,91,100,17.78,RU,light snow
495,Sao Mateus,-18.7161,-39.8589,74.32,92,100,3.91,BR,overcast clouds
496,Sayat,38.7839,63.8803,42.67,29,0,19.82,TM,clear sky
497,Pangnirtung,66.1451,-65.7125,-18.4,69,75,6.91,CA,broken clouds
498,Quelimane,-17.8786,36.8883,72.99,90,46,3.27,MZ,scattered clouds
499,Puerto Maldonado,-12.6,-69.1833,75.02,96,97,3.33,PE,overcast clouds
500,Khalkhal,37.6189,48.5258,28.49,97,95,7.34,IR,light snow
501,Taitung,22.7583,121.1444,62.87,77,75,8.05,TW,broken clouds
502,Faanui,-16.4833,-151.75,80.92,74,27,14.16,PF,light rain
503,Lagoa,39.05,-27.9833,57.65,84,70,19.89,PT,broken clouds
504,Sarany,58.5,58.8833,17.19,94,100,10.07,RU,light snow
505,Yarada,17.65,83.2667,73.72,94,40,2.3,IN,mist
506,Venice,27.0998,-82.4543,78.17,84,0,9.22,US,haze
507,Tuzla,44.5428,18.6694,38.86,78,32,3.76,BA,scattered clouds
508,Luis Correia,-2.8792,-41.6669,78.44,86,97,12.97,BR,light rain
509,Aripuana,-9.1667,-60.6333,74.93,96,99,0.96,BR,overcast clouds
510,Natal,-5.795,-35.2094,82.62,78,20,13.8,BR,few clouds
511,Joshimath,30.5667,79.5667,26.15,59,3,9.86,IN,clear sky
512,Salisbury,51.0693,-1.7957,42.48,89,64,10.31,GB,broken clouds
513,Lazaro Cardenas,17.9583,-102.2,79.38,61,6,6.4,MX,clear sky
514,Batagay,67.6333,134.6333,-39.55,98,35,1.79,RU,scattered clouds
515,Barra Velha,-26.6322,-48.6847,80.08,96,100,4.59,BR,overcast clouds
516,Mayo,38.8876,-76.5119,39.94,92,100,4.0,US,light rain
517,Liwonde,-15.0506,35.2035,68.83,97,100,7.54,MW,light rain
518,Nanakuli,21.3906,-158.1547,82.04,66,0,2.53,US,clear sky
519,Salym,60.0625,71.4789,20.71,98,100,2.37,RU,overcast clouds
520,Gladstone,-23.85,151.25,78.73,50,63,17.27,AU,broken clouds
521,Port Blair,11.6667,92.75,75.24,94,40,2.3,IN,mist
522,Ambon,-3.6954,128.1814,77.14,88,20,6.91,ID,few clouds
523,Goya,-29.14,-59.2626,82.51,43,82,7.92,AR,light rain
524,Dod Ballapur,13.2919,77.5431,62.62,43,29,4.76,IN,scattered clouds
525,Skibbereen,51.55,-9.2667,47.1,72,10,9.8,IE,clear sky
526,Ust-Kuyga,70.0167,135.6,-38.13,100,99,5.14,RU,overcast clouds
527,Imbituba,-28.24,-48.6703,79.83,95,100,8.59,BR,overcast clouds
528,Ostrovnoy,68.0531,39.5131,8.71,91,100,16.49,RU,overcast clouds
529,Arrifes,37.7667,-25.7,59.23,72,20,8.05,PT,few clouds
530,Meulaboh,4.1363,96.1285,75.2,87,100,4.94,ID,overcast clouds
531,Vallenar,-28.5708,-70.7581,76.82,38,0,5.97,CL,clear sky
532,Namatanai,-3.6667,152.4333,83.8,70,86,8.59,PG,overcast clouds
533,Lamar,33.6668,-95.5836,33.96,82,65,8.63,US,broken clouds
534,Rocha,-34.4833,-54.3333,67.93,91,20,6.13,UY,few clouds
535,Porto Santo,33.072,-16.3415,62.98,88,20,5.75,PT,few clouds
536,Kungurtug,50.5994,97.5228,-18.8,99,55,1.45,RU,broken clouds
537,Necochea,-38.5473,-58.7368,61.03,69,100,8.28,AR,moderate rain
538,Tenosique,17.4833,-91.4333,74.3,92,47,12.8,MX,scattered clouds
539,Auki,-8.7676,160.7034,81.82,84,100,8.23,SB,overcast clouds
540,Bundaberg,-24.85,152.35,78.22,59,40,7.0,AU,scattered clouds
541,Ossora,59.2353,163.0719,8.15,78,100,5.59,RU,overcast clouds
542,Redlands,34.0556,-117.1825,68.83,19,2,1.01,US,clear sky
543,Bambanglipuro,-7.95,110.2833,76.26,87,90,4.18,ID,overcast clouds
544,Nara,34.6851,135.8049,38.48,62,34,14.32,JP,scattered clouds
545,Aswan,24.0934,32.907,51.85,52,0,9.04,EG,clear sky
546,Nalut,30.3333,10.85,51.8,31,39,9.51,LY,scattered clouds
547,Bangkalan,-7.0455,112.7351,76.95,89,74,6.89,ID,broken clouds
548,Orahovac,42.3994,20.6547,31.91,72,1,2.48,XK,clear sky
549,Carballo,43.213,-8.691,50.54,92,97,7.9,ES,overcast clouds
550,Ridgecrest,35.6225,-117.6709,60.66,18,0,4.0,US,clear sky
551,Asau,46.4333,26.4,33.4,77,36,5.82,RO,scattered clouds
552,Bay Roberts,47.5999,-53.2648,33.51,93,100,1.99,CA,snow
553,Mongomo,1.6274,11.3135,68.63,91,31,2.66,GQ,scattered clouds
554,Kalabo,-14.97,22.6814,65.39,94,98,3.78,ZM,overcast clouds
555,Teguise,29.0605,-13.564,64.62,64,0,9.22,ES,clear sky
556,Chimore,-16.9833,-65.1333,74.35,96,100,1.79,BO,overcast clouds
557,Shangzhi,45.2167,127.9667,-10.93,100,80,4.68,CN,broken clouds
558,Altay,47.8667,88.1167,6.04,54,0,8.79,CN,clear sky
559,Zalantun,48.0,122.7167,-6.29,87,63,6.15,CN,broken clouds
560,Ikot Ekpene,5.1794,7.7108,77.22,82,2,4.12,NG,clear sky
561,Turukhansk,65.8167,87.9833,11.84,94,100,13.2,RU,overcast clouds
562,Druzhba,52.0428,33.9453,9.19,98,100,2.86,UA,overcast clouds
563,Leh,34.1667,77.5833,-5.4,91,100,3.76,IN,overcast clouds
564,Terra Santa,-2.1042,-56.4869,74.61,92,97,2.24,BR,overcast clouds
565,Troitskoye,52.9821,84.6757,-5.26,100,62,3.76,RU,broken clouds
566,Makokou,0.5738,12.8642,70.99,86,88,1.97,GA,overcast clouds
567,Ladysmith,48.9829,-123.8194,50.09,100,99,4.83,CA,overcast clouds
568,Rees,51.7667,6.4,40.28,90,31,16.78,DE,scattered clouds
569,Palmer,42.1584,-72.3287,31.62,94,100,5.75,US,mist
570,Kibala,9.1104,18.3463,75.45,15,13,7.11,TD,few clouds
571,Kuragino,53.8975,92.6725,-6.09,98,98,2.93,RU,overcast clouds
572,Kampot,10.6167,104.1833,78.85,81,46,5.55,KH,scattered clouds
573,Sioux Lookout,50.1001,-91.917,-6.5,96,96,4.07,CA,overcast clouds
574,Kichera,55.9375,110.0997,-0.33,98,100,1.05,RU,overcast clouds
575,Yarqa,31.9785,35.6947,47.86,94,93,11.45,JO,overcast clouds
576,Petropavlovsk-Kamchatskiy,53.0452,158.6483,23.59,63,75,4.47,RU,broken clouds
577,Atikokan,48.7555,-91.6216,-0.99,93,100,3.11,CA,overcast clouds
578,Waiouru,-39.4833,175.6667,62.02,94,91,0.85,NZ,light rain
579,Kovur,14.4833,79.9833,70.54,93,86,5.23,IN,overcast clouds
580,Sucua,-2.4667,-78.1667,72.97,96,96,1.34,EC,light rain
581,Lanzhou,36.0564,103.7922,22.75,79,100,5.77,CN,overcast clouds
582,Mgandu,-5.95,34.1333,59.95,95,100,7.45,TZ,overcast clouds
583,Ust-Ilimsk,58.0006,102.6619,5.99,97,100,5.26,RU,overcast clouds
584,Emerald,-23.5333,148.1667,76.33,52,0,18.1,AU,clear sky
585,Harnosand,62.6323,17.9379,32.0,93,100,9.48,SE,overcast clouds
586,Alma,48.5501,-71.6491,-2.58,93,87,0.78,CA,overcast clouds
587,Limulunga,-15.0969,23.1376,65.57,95,99,3.62,ZM,overcast clouds
588,Katobu,-4.9408,122.5276,77.49,90,100,3.11,ID,overcast clouds
589,Souillac,-20.5167,57.5167,79.36,94,75,11.5,MU,light rain
590,Itarema,-2.9248,-39.9167,79.65,78,84,12.03,BR,broken clouds
591,Dicabisagan,17.0818,122.4157,73.99,86,93,9.24,PH,overcast clouds
592,Nishihara,26.1842,127.7558,58.28,67,75,20.71,JP,broken clouds
593,Buraydah,26.326,43.975,59.45,30,0,10.11,SA,clear sky
594,Hondagua,13.9469,122.2431,73.8,90,98,10.49,PH,overcast clouds
595,Acari,-15.4311,-74.6158,75.51,68,10,8.14,PE,clear sky
596,Mantua,45.1667,10.7833,49.48,89,100,1.81,IT,overcast clouds
597,Manono,-7.3,27.4167,65.46,93,100,1.36,CD,overcast clouds
598,Ternate,0.8,127.4,80.49,81,100,5.55,ID,overcast clouds
599,Goderich,43.7501,-81.7165,15.91,79,100,8.05,CA,overcast clouds
600,Chebenki,51.9337,55.7077,22.78,85,100,14.09,RU,overcast clouds
601,Urucui,-7.2294,-44.5561,80.87,69,100,3.06,BR,overcast clouds
602,Impfondo,1.6381,18.0667,72.64,34,100,1.9,CG,overcast clouds
603,Vite,17.2833,74.55,64.58,46,30,4.76,IN,scattered clouds
604,Warren,39.4334,-84.1666,24.35,84,0,1.99,US,clear sky
605,Sarai Naurang,32.8259,70.7814,49.95,50,0,2.33,PK,clear sky
606,Plettenberg Bay,-34.0527,23.3716,64.69,74,97,8.03,ZA,overcast clouds
607,Puerto Del Rosario,28.5004,-13.8627,67.68,59,0,4.61,ES,clear sky
608,Pak Phanang,8.3511,100.202,79.07,80,41,16.31,TH,scattered clouds
609,Comodoro Rivadavia,-45.8667,-67.5,58.59,60,12,10.65,AR,few clouds
610,Cody,44.5263,-109.0565,43.02,30,0,0.0,US,clear sky
611,Santiago Del Estero,-27.7951,-64.2615,76.26,75,96,8.23,AR,overcast clouds
612,Nyimba,-14.5566,30.8149,66.61,94,100,1.72,ZM,overcast clouds
613,Oktyabrskoye,43.0645,44.7417,30.34,100,100,8.95,RU,snow
614,Katsuura,35.1333,140.3,37.51,52,48,16.2,JP,scattered clouds
615,Tunduma,-9.3,32.7667,56.77,99,100,1.7,TZ,light rain
616,Narsaq,60.9167,-46.05,-2.45,61,11,13.51,GL,few clouds
617,Suntar,62.1444,117.6319,-9.89,99,99,0.78,RU,overcast clouds
618,Ligayan,4.6533,119.4706,80.78,76,100,6.26,PH,overcast clouds
619,Kirensk,57.7853,108.1119,8.85,96,100,5.64,RU,overcast clouds
620,Algiers,36.7525,3.042,46.22,71,0,2.3,DZ,clear sky
621,Mazatlan,23.2167,-106.4167,75.16,68,0,10.0,MX,clear sky
622,Anloga,5.7947,0.8973,80.91,80,10,7.63,GH,clear sky
623,Maragogi,-9.0122,-35.2225,79.52,69,15,9.8,BR,few clouds
624,Hutchinson,38.0608,-97.9298,38.19,53,0,1.01,US,clear sky
625,Halifax,44.6453,-63.5724,33.22,97,100,1.99,CA,light snow
626,Sri Aman,1.2376,111.4621,72.25,100,100,1.12,MY,overcast clouds
627,Salinopolis,-0.6136,-47.3561,78.6,84,99,8.97,BR,moderate rain
628,Alta Gracia,-31.6529,-64.4283,75.88,77,30,4.65,AR,scattered clouds
629,Ust-Maya,60.4167,134.5333,-31.95,100,95,0.85,RU,overcast clouds
630,Huilong,31.8111,121.655,40.03,73,16,10.74,CN,few clouds
631,Dunedin,-45.8742,170.5036,57.79,57,100,7.0,NZ,overcast clouds
632,Lodwar,3.1191,35.5973,86.2,29,91,1.32,KE,overcast clouds
633,Soyo,-6.1349,12.3689,77.92,78,70,6.6,AO,broken clouds
634,Nioro,13.35,-15.75,79.59,11,0,4.85,GM,clear sky
635,Alghero,40.5589,8.3181,51.98,93,40,3.44,IT,scattered clouds
636,Panlaitan,12.1191,119.8486,80.08,73,93,18.72,PH,overcast clouds
637,Kazanskaya,45.4106,40.4361,29.82,96,89,11.95,RU,light snow
638,Kemerovo,55.3333,86.0833,8.29,85,100,6.71,RU,overcast clouds
639,Urumqi,43.801,87.6005,-1.25,85,90,2.24,CN,light snow
640,Ballina,-28.8667,153.5667,71.78,89,99,21.41,AU,overcast clouds
641,Pontianak,-0.0333,109.3333,73.38,100,40,3.44,ID,scattered clouds
642,Eyl,7.9803,49.8164,70.27,69,9,7.81,SO,clear sky
643,Synya,65.3718,58.0387,4.5,97,98,4.32,RU,overcast clouds
644,Waipawa,-41.4122,175.5153,57.45,91,100,9.75,NZ,light rain
645,Mindif,10.3976,14.4363,70.23,15,49,11.21,CM,scattered clouds
646,Kisesa,-3.0833,34.15,60.28,98,100,8.63,TZ,overcast clouds
647,Batagay-Alyta,67.8006,130.4114,-26.63,98,10,2.84,RU,clear sky
648,Sabang,5.8933,95.3214,81.84,74,88,14.88,ID,overcast clouds
649,Taft,31.7471,54.2088,57.34,49,45,13.11,IR,scattered clouds
650,Warrington,53.3925,-2.5802,42.98,80,40,7.0,GB,scattered clouds
651,Teya,60.3778,92.6267,17.11,89,100,8.88,RU,overcast clouds
652,Makkaveyevo,51.7533,113.9454,-1.48,100,84,3.74,RU,broken clouds
653,Usinsk,65.9939,57.5281,-1.35,98,96,6.58,RU,overcast clouds
654,Sainte-Marie,-20.8968,55.5496,80.73,89,100,23.02,RE,overcast clouds
655,Upata,8.0086,-62.3989,81.19,52,95,3.96,VE,overcast clouds
656,Novaya Igirma,57.1334,103.9112,2.71,99,99,3.58,RU,overcast clouds
657,Labuhan,-6.8844,112.2051,78.37,84,83,8.34,ID,broken clouds
658,Pasni,25.2631,63.471,69.03,42,0,9.44,PK,clear sky
659,Millinocket,45.6573,-68.7098,13.91,79,100,10.36,US,light snow
660,Garowe,8.4054,48.4845,64.27,50,34,9.86,SO,scattered clouds
661,Rio Cuarto,-33.1307,-64.3499,72.68,43,45,2.98,AR,scattered clouds
662,Brownsville,25.9018,-97.4975,46.51,52,100,10.0,US,overcast clouds
663,Sawakin,19.1059,37.3321,68.58,50,2,11.43,SD,clear sky
664,Saint Anthony,45.0205,-93.218,8.92,62,0,5.01,US,clear sky
665,Dezhou,37.4486,116.2925,20.95,33,14,2.46,CN,few clouds
666,Nisia Floresta,-6.0911,-35.2086,81.41,74,16,9.35,BR,few clouds
667,Steinbach,50.1667,8.5667,38.88,75,40,5.75,DE,scattered clouds
668,Vilhena,-12.7406,-60.1458,71.46,91,87,1.68,BR,overcast clouds
669,Filadelfia,39.9523,-75.1638,36.28,93,100,5.01,US,light rain
670,Havoysund,70.9963,24.6622,16.68,84,100,33.17,NO,overcast clouds
671,Helmsdale,58.1168,-3.6517,38.95,63,25,24.4,GB,light rain
672,Willowmore,-33.2926,23.4895,56.37,79,28,10.6,ZA,scattered clouds
673,Puerto Carreno,6.189,-67.4859,87.42,46,82,5.77,CO,broken clouds
674,Dispur,26.1425,91.7889,57.15,95,100,6.38,IN,overcast clouds
675,Challapata,-18.9,-66.7667,55.02,59,23,3.33,BO,few clouds
676,Cabra,37.4725,-4.4421,55.4,55,100,3.15,ES,overcast clouds
677,Mackay,-21.15,149.2,82.69,72,98,22.66,AU,overcast clouds
678,Sandpoint,48.2766,-116.5533,38.68,93,100,4.61,US,snow
679,Aktau,43.65,51.2,36.18,89,91,15.66,KZ,overcast clouds
680,Fare,-16.7,-151.0167,80.62,75,55,14.27,PF,broken clouds
681,Chicama,-7.8447,-79.1469,70.34,68,66,8.95,PE,broken clouds
682,Huarmey,-10.0681,-78.1522,73.51,77,12,11.14,PE,few clouds
683,Khanewal,30.3,71.9333,49.73,65,0,7.25,PK,clear sky
684,Mamlyutka,54.9375,68.5394,18.27,82,100,8.57,KZ,overcast clouds
685,Hays,30.0502,-98.0336,41.14,69,66,10.0,US,broken clouds
686,Bourail,-21.5667,165.4833,84.99,72,96,4.52,NC,overcast clouds
687,Ous,60.9058,61.5186,4.48,98,100,1.86,RU,overcast clouds
688,Marovoay,-16.1,46.6333,80.74,95,100,2.73,MG,light rain
689,San Policarpo,12.1791,125.5072,78.55,82,100,13.98,PH,overcast clouds
690,Mitu,1.1983,-70.1733,75.04,90,85,2.33,CO,overcast clouds
691,Pinheiro Machado,-31.5783,-53.3811,73.06,94,61,3.74,BR,broken clouds
692,Naini Tal,29.3974,79.4469,26.76,88,21,5.01,IN,few clouds
693,Iquique,-20.2208,-70.1431,68.04,77,9,7.92,CL,clear sky
694,Waverly,42.7392,-84.6208,17.01,71,100,0.0,US,overcast clouds
695,Belton,38.812,-94.5319,33.69,40,0,10.36,US,clear sky
696,Amga,60.8953,131.9608,-26.25,100,98,1.74,RU,overcast clouds
697,Snasa,64.2457,12.3778,20.68,82,98,7.38,NO,light snow
698,Yaounde,3.8667,11.5167,66.6,96,42,3.6,CM,scattered clouds
699,Padang,-0.9492,100.3543,73.45,91,100,3.2,ID,light rain
700,Paraiso,9.8383,-83.8656,72.46,76,80,4.27,CR,broken clouds
701,Marquette,46.5333,-87.6335,11.34,61,100,3.67,US,light snow
702,Valdosta,30.8327,-83.2785,65.79,90,100,3.44,US,overcast clouds
703,Iskateley,67.6803,53.1512,-12.23,100,98,6.53,RU,overcast clouds
704,Port Hedland,-20.3167,118.5667,84.25,79,100,3.44,AU,overcast clouds
705,Temiscaming,46.7212,-79.0971,-0.53,92,91,3.98,CA,overcast clouds
706,Malakal,9.5334,31.6605,76.71,16,35,12.08,SS,scattered clouds
707,Anzio,41.4853,12.6179,52.45,84,57,9.44,IT,broken clouds
708,Ndele,8.4109,20.6473,73.4,20,33,5.17,CF,scattered clouds
709,Novooleksiyivka,46.2269,34.6428,27.14,72,8,9.06,UA,clear sky
710,Luanda,-8.8368,13.2343,75.2,88,20,6.91,AO,few clouds
711,Shitanjing,39.2342,106.3439,12.83,42,97,4.72,CN,overcast clouds
712,Vanino,49.0869,140.2543,7.41,74,100,6.42,RU,overcast clouds
713,Kaseda,31.4167,130.3167,35.85,80,99,20.85,JP,overcast clouds
714,Kozhva,65.1073,57.0459,3.52,98,96,3.44,RU,overcast clouds
715,Pangkalanbuun,-2.6833,111.6167,73.38,98,98,1.68,ID,overcast clouds
716,Chanthaburi,12.8333,102.1667,68.04,81,23,5.06,TH,few clouds
717,Naerbo,58.6667,5.65,38.01,93,100,23.67,NO,overcast clouds
718,Paracuru,-3.41,-39.0306,82.11,80,98,11.07,BR,overcast clouds
719,Mozarlandia,-14.7447,-50.5706,78.64,75,58,2.53,BR,broken clouds
720,Qingdao,36.0986,120.3719,25.39,43,1,13.35,CN,clear sky
721,La Paz,-16.5,-68.15,51.78,81,75,5.75,BO,broken clouds
722,Ambanja,-13.6833,48.45,73.54,93,99,4.76,MG,light rain
723,Balykshi,47.0667,51.8667,32.0,93,75,6.71,KZ,mist
724,Uporovo,56.3109,66.2693,21.38,86,100,10.45,RU,overcast clouds
725,Elat,29.5581,34.9482,52.99,79,94,4.74,IL,overcast clouds
726,Kigoma,-4.8769,29.6267,70.68,90,100,10.67,TZ,light rain
727,Sistranda,63.7256,8.834,35.91,81,100,40.51,NO,overcast clouds
728,San Carlos De Bariloche,-41.1456,-71.3082,62.98,54,64,3.67,AR,broken clouds
729,Bereda,43.2686,-7.5406,46.99,100,100,3.96,ES,overcast clouds
730,Porto Velho,-8.7619,-63.9039,77.05,94,75,2.3,BR,light rain
731,La Flecha,15.2833,-88.4833,85.64,73,72,3.27,HN,broken clouds
732,Sola,-13.8833,167.55,81.7,78,100,24.49,VU,light rain
733,Aasiaat,68.7098,-52.8699,8.28,78,100,18.34,GL,overcast clouds
734,Imeni Poliny Osipenko,52.4201,136.4853,-0.47,94,100,4.72,RU,overcast clouds
735,Maningrida,-12.0667,134.2667,79.14,82,97,7.52,AU,overcast clouds
